time,latitude,longitude,depth,mag,magType,nst,gap,dmin,rms,net,id,updated,place,type,horizontalError,depthError,magError,magNst,status,locationSource,magSource
2024-10-08T13:42:21.592Z,53.7703,-166.0938,99.7,2.6,ml,,,,0.7,ak,ak024cyljjlu,2024-10-08T13:55:52.891Z,"31 km ESE of Unalaska, Alaska",earthquake,,0.4,,,automatic,ak,ak
2024-10-08T12:51:37.839Z,-21.2007,-67.7548,162.874,4.6,mb,60,45,1.506,0.74,us,us6000nx9j,2024-10-08T13:11:25.040Z,"51 km E of Ollagüe, Chile",earthquake,3.34,6.83,0.04,188,reviewed,us,us
2024-10-08T10:38:44.341Z,-5.7382,107.4531,313.956,4.8,mb,92,59,1.724,0.71,us,us6000nx8z,2024-10-08T11:01:28.040Z,"49 km NNE of Rengasdengklok, Indonesia",earthquake,7.88,5.268,0.059,89,reviewed,us,us
2024-10-08T10:25:51.314Z,61.2887,-152.2766,6.6,3.2,ml,,,,0.4,ak,ak024cyjnlib,2024-10-08T10:28:25.835Z,"66 km WNW of Tyonek, Alaska",earthquake,,0.2,,,automatic,ak,ak
2024-10-08T10:09:01.460Z,18.3906666666667,-67.3968333333333,13.81,3.42,md,25,148,0.1491,0.31,pr,pr71462063,2024-10-08T12:17:24.185Z,"16 km WNW of Rincón, Puerto Rico",earthquake,0.57,0.72,0.0510328816705976,13,reviewed,pr,pr
2024-10-08T09:28:01.596Z,69.3405,-144.926,0,2.6,ml,,,,0.78,ak,ak024cyj2rsw,2024-10-08T11:45:01.040Z,"101 km SSW of Kaktovik, Alaska",earthquake,,0.6,,,automatic,ak,ak
2024-10-08T09:07:42.977Z,-33.8625,-177.5999,10,4.7,mb,21,172,4.594,0.4,us,us6000nx8m,2024-10-08T09:53:26.040Z,"south of the Kermadec Islands",earthquake,15.19,1.974,0.134,18,reviewed,us,us
2024-10-08T08:07:25.759Z,-33.7344,-178.5654,18.874,4.9,mb,31,122,4.493,0.97,us,us6000nx8f,2024-10-08T08:56:12.040Z,"south of the Kermadec Islands",earthquake,10.09,5.08,0.187,18,reviewed,us,us
2024-10-08T08:00:46.391Z,53.6353,-165.2345,21.4,2.6,ml,,,,0.56,ak,ak024cyibfup,2024-10-08T08:14:34.399Z,"65 km SSE of Akutan, Alaska",earthquake,,1.3,,,automatic,ak,ak
2024-10-08T07:31:54.054Z,60.1545,-153.2483,157.1,2.6,ml,,,,0.37,ak,ak024cyhwnuy,2024-10-08T07:33:58.747Z,"59 km E of Port Alsworth, Alaska",earthquake,,0.5,,,automatic,ak,ak
2024-10-08T05:50:08.747Z,63.9652,-149.5955,138.5,2.8,ml,,,,0.22,ak,ak024cygts04,2024-10-08T07:36:04.040Z,"24 km WSW of Ferry, Alaska",earthquake,,0.9,,,automatic,ak,ak
2024-10-08T04:21:52.505Z,-14.2725,-72.8475,103.485,4.2,mb,12,138,4.505,1.33,us,us6000nx7t,2024-10-08T04:44:59.040Z,"9 km NE of Huaquirca, Peru",earthquake,11.84,13.835,0.152,12,reviewed,us,us
2024-10-08T01:28:29.194Z,2.3297,126.9413,35,4.7,mb,38,79,1.605,0.61,us,us6000nx76,2024-10-08T02:14:38.040Z,"136 km WNW of Tobelo, Indonesia",earthquake,8.66,1.909,0.096,33,reviewed,us,us
2024-10-08T01:27:17.581Z,-33.4385,-178.2894,10,4.7,mb,15,204,4.175,0.97,us,us6000nx73,2024-10-08T01:58:40.040Z,"south of the Kermadec Islands",earthquake,7.27,2.006,0.143,15,reviewed,us,us
2024-10-08T01:23:11.619Z,-6.9792,126.4789,406.845,4.4,mb,23,52,4.192,0.64,us,us6000nx70,2024-10-08T02:20:57.040Z,"165 km N of Baukau, Timor Leste",earthquake,8.17,9.34,0.123,19,reviewed,us,us
2024-10-08T00:35:35.838Z,-36.2784,-99.2002,10,5.7,mww,86,63,12.548,0.85,us,us6000nx6t,2024-10-08T02:38:15.107Z,"southeast of Easter Island",earthquake,12.12,1.878,0.052,36,reviewed,us,us
2024-10-07T23:59:04.806Z,-33.4979,-178.5577,10,5.8,mww,57,70,4.258,1.44,us,us6000nx6d,2024-10-08T02:02:35.698Z,"south of the Kermadec Islands",earthquake,9.29,1.862,0.071,19,reviewed,us,us
2024-10-07T22:30:31.152Z,51.0089,-176.1237,10,3.1,ml,,,,0.8,ak,ak024cx3ajq9,2024-10-08T01:33:39.150Z,"102 km SSE of Adak, Alaska",earthquake,,1,,,reviewed,ak,ak
2024-10-07T22:18:11.920Z,18.1926666666667,-67.3415,16.88,2.84,md,13,256,0.1684,0.19,pr,pr71462043,2024-10-07T22:38:45.530Z,"17 km SW of Stella, Puerto Rico",earthquake,0.69,0.72,0.16782412956574,8,reviewed,pr,pr
2024-10-07T21:28:13.290Z,19.2888333333333,-65.1911666666667,36.56,2.85,md,9,290,0.9576,0.66,pr,pr71462033,2024-10-07T22:20:55.990Z,"108 km NNW of Charlotte Amalie, U.S. Virgin Islands",earthquake,3.51,31.61,0.190953533392934,4,reviewed,pr,pr
2024-10-07T21:06:57.038Z,51.2824,-176.2315,47.23,4.4,mb,69,151,0.664,0.62,us,us6000nx5b,2024-10-08T01:21:37.706Z,"71 km SSE of Adak, Alaska",earthquake,5.2,7.227,0.064,71,reviewed,us,us
2024-10-07T20:54:12.654Z,51.1395,-176.1618,19.9,4.3,ml,,,,0.68,ak,ak024cx28n72,2024-10-08T01:15:53.661Z,"88 km SSE of Adak, Alaska",earthquake,,1,,,reviewed,ak,ak
2024-10-07T20:20:25.870Z,7.3985,126.1923,10,4.9,mb,35,107,0.691,0.46,us,us6000nx4s,2024-10-08T10:43:01.651Z,"23 km SSE of Bantacan, Philippines",earthquake,9.29,1.874,0.114,24,reviewed,us,us
2024-10-07T20:07:13.931Z,64.1912,-153.7161,4.3,2.5,ml,,,,0.5,ak,ak024cx1ypy9,2024-10-07T20:23:46.040Z,"76 km WNW of Lake Minchumina, Alaska",earthquake,,0.3,,,automatic,ak,ak
2024-10-07T17:46:52.832Z,21.5665,143.0017,311.915,4.2,mb,50,99,5.555,0.55,us,us6000nx40,2024-10-07T18:07:36.040Z,"Mariana Islands region",earthquake,10.91,8.286,0.084,40,reviewed,us,us
2024-10-07T15:43:38.770Z,40.2458343505859,-124.529998779297,16.8799991607666,2.57,md,11,290,0.1496,0.07,nc,nc75071666,2024-10-07T15:47:14.200Z,"23 km WSW of Petrolia, CA",earthquake,1.82,0.879999995,0.12,7,automatic,nc,nc
2024-10-07T12:21:29.995Z,10.7725,-62.8594,105.585,5,mb,54,83,1.795,0.84,us,us6000nx1y,2024-10-07T17:54:15.036Z,"22 km N of Yaguaraparo, Venezuela",earthquake,9.48,7.326,0.027,447,reviewed,us,us
2024-10-07T12:13:09.376Z,-22.3116,-68.0412,185.627,4.1,ml,17,150,1.226,0.41,us,us6000nx1w,2024-10-08T05:44:38.040Z,"68 km NNE of San Pedro de Atacama, Chile",earthquake,9.62,6.633,,,reviewed,us,guc
2024-10-07T11:53:29.180Z,-24.1558,-67.4254,225.597,4,ml,13,150,2.21,0.69,us,us6000nx1u,2024-10-08T06:04:16.040Z,"112 km W of San Antonio de los Cobres, Argentina",earthquake,12.37,14.752,,,reviewed,us,guc
2024-10-07T10:21:41.900Z,18.9876666666667,-67.2045,15.21,3.06,md,7,314,0.5249,0.23,pr,pr71462013,2024-10-07T10:34:58.550Z,"55 km NNW of San Antonio, Puerto Rico",earthquake,1.17,1.73,0.143742176139569,5,reviewed,pr,pr
2024-10-07T09:36:58.060Z,-19.5916,169.0501,139.233,5.5,mww,54,86,3.358,0.73,us,us6000nx1e,2024-10-08T09:40:00.673Z,"24 km WSW of Isangel, Vanuatu",earthquake,10.13,6.724,0.066,22,reviewed,us,us
2024-10-07T08:33:18.524Z,34.7421,24.8803,10,4.3,mb,51,229,0.545,0.47,us,us6000nx18,2024-10-08T07:52:42.040Z,"34 km S of Moíres, Greece",earthquake,5.48,1.918,0.09,35,reviewed,us,us
2024-10-07T07:00:38.360Z,18.6601666666667,-65.259,77.37,3.38,md,20,206,0.3515,0.26,pr,pr71461983,2024-10-07T08:37:48.040Z,"39 km N of Culebra, Puerto Rico",earthquake,2.03,1.32,0.0258529395323501,9,reviewed,pr,pr
2024-10-07T06:59:58.410Z,45.2166666666667,-112.469166666667,4.43,2.78,ml,33,70,0.1713,0.15,mb,mb90063138,2024-10-08T03:32:01.199Z,"13 km E of Dillon, Montana",earthquake,0.25,1.3,0.22295450843373,45,reviewed,mb,mb
2024-10-07T06:54:30.633Z,45.2248,-112.4752,13.656,4.1,mb,69,35,0.162,0.57,us,us6000nx10,2024-10-08T14:30:05.510Z,"12 km E of Dillon, Montana",earthquake,2.14,6.738,0.101,27,reviewed,us,us
2024-10-07T06:30:11.600Z,18.2338333333333,-68.4495,56.74,3.36,md,5,211,0.2866,0.4,pr,pr71461963,2024-10-07T06:52:15.300Z,"23 km SE of Boca de Yuma, Dominican Republic",earthquake,11.61,6.07,0.11502388155652,3,reviewed,pr,pr
2024-10-07T06:18:46.515Z,38.2858,23.2711,10,4.7,mww,144,38,1.037,0.62,us,us6000nx0u,2024-10-07T07:36:15.040Z,"6 km SW of Thívai, Greece",earthquake,5.36,1.845,0.069,20,reviewed,us,us
2024-10-07T05:54:58.640Z,34.8624,26.2324,10,4.8,mb,101,149,1.18,0.41,us,us6000nx0t,2024-10-07T08:10:57.040Z,"37 km S of Palekastro, Greece",earthquake,5.65,1.734,0.056,97,reviewed,us,us
2024-10-07T05:51:17.399Z,-18.9802,-173.1591,10,5.3,mb,41,56,2.922,0.6,us,us6000nx0s,2024-10-07T06:10:04.040Z,"94 km ESE of Neiafu, Tonga",earthquake,6.64,1.864,0.101,33,reviewed,us,us
2024-10-07T05:49:56.451Z,-24.1135,-67.112,187.553,4.6,mb,42,56,2.485,1,us,us6000nx0r,2024-10-07T06:21:37.040Z,"81 km W of San Antonio de los Cobres, Argentina",earthquake,9.13,6.956,0.09,37,reviewed,us,us
2024-10-07T05:49:30.168Z,69.329,-144.6508,0,3.2,ml,,,,0.51,ak,ak024cwta957,2024-10-08T06:30:40.040Z,"97 km SSW of Kaktovik, Alaska",earthquake,,0.8,,,automatic,ak,ak
2024-10-07T05:45:57.802Z,63.0171,-150.5907,111.3,2.6,ml,,,,0.48,ak,ak024cwt9ggv,2024-10-07T05:48:06.778Z,"58 km N of Petersville, Alaska",earthquake,,0.7,,,automatic,ak,ak
2024-10-07T05:35:06.102Z,-24.1429,-67.0647,166.805,4.9,mww,80,55,2.512,1.1,us,us6000nx0l,2024-10-07T05:56:05.040Z,"76 km W of San Antonio de los Cobres, Argentina",earthquake,8.2,6.842,0.08,15,reviewed,us,us
2024-10-07T05:01:56.095Z,25.3194,142.6784,10,4.9,mb,46,117,1.824,0.82,us,us6000nx0h,2024-10-07T06:50:21.040Z,"Volcano Islands, Japan region",earthquake,8.42,1.556,0.094,36,reviewed,us,us
2024-10-07T04:38:15.411Z,12.3446,-86.8019,180.913,4.4,mb,31,146,0.575,0.76,us,us6000nx0g,2024-10-08T00:28:06.040Z,"13 km SE of León, Nicaragua",earthquake,8.94,2.782,0.179,9,reviewed,us,us
2024-10-07T04:35:36.036Z,69.232,-144.1477,0,2.8,ml,,,,1.17,ak,ak024cwslu0z,2024-10-08T00:02:49.040Z,"102 km S of Kaktovik, Alaska",earthquake,,0.5,,,automatic,ak,ak
2024-10-07T04:30:34.770Z,19.6491666666667,-156.218333333333,14.24,2.52,ml,19,262,0.3623,0.18,hv,hv74490787,2024-10-07T23:44:34.040Z,"23 km W of Kailua-Kona, Hawaii",earthquake,1.16,31.61,0.206608284161821,7,reviewed,hv,hv
2024-10-07T04:28:12.142Z,40.2319,-119.6872,9,2.5,ml,18,67.41,0.071,0.1492,nn,nn00885655,2024-10-07T23:34:42.040Z,"32 km NNW of Sutcliffe, Nevada",earthquake,,1.3,0.32,9,reviewed,nn,nn
2024-10-07T04:10:23.947Z,69.1837,-144.7153,0.1,2.9,ml,,,,0.51,ak,ak024cwsgg6y,2024-10-07T23:22:30.040Z,"113 km SSW of Kaktovik, Alaska",earthquake,,0.7,,,automatic,ak,ak
2024-10-07T03:45:49.356Z,51.8856,176.4087,129.388,3.5,ml,18,338,1.304,0.2,us,us6000nx3t,2024-10-07T23:15:25.040Z,"244 km ESE of Attu Station, Alaska",earthquake,14.03,15.639,,,reviewed,us,ak
2024-10-07T02:24:16.648Z,-3.7278,151.4494,10,4.6,mb,17,104,0.848,0.57,us,us6000nx0y,2024-10-07T23:07:28.040Z,"94 km WNW of Rabaul, Papua New Guinea",earthquake,7.69,1.9,0.141,15,reviewed,us,us
2024-10-07T01:11:05.810Z,18.8386669158936,-155.236663818359,10.1000003814697,2.5999999,md,24,269,0.3805,0.150000006,hv,hv74490637,2024-10-07T22:48:48.040Z,"44 km SE of Naalehu, Hawaii",earthquake,0.92,0.860000014,0.25,6,automatic,hv,hv
2024-10-07T01:00:10.073Z,6.825,125.8025,33.36,4.6,mb,20,118,0.329,0.82,us,us6000nwzw,2024-10-07T22:39:54.040Z,"11 km SSE of San Remigio, Philippines",earthquake,13.56,4.567,0.132,17,reviewed,us,us
2024-10-07T00:33:16.194Z,-33.5384,-178.01,10,5,mb,35,130,4.264,1.24,us,us6000nwzm,2024-10-07T00:56:18.040Z,"south of the Kermadec Islands",earthquake,11.06,1.89,0.103,30,reviewed,us,us
2024-10-07T00:32:55.379Z,-7.0603,103.259,10,4.2,mb,15,161,2.699,0.56,us,us6000nwzt,2024-10-07T01:03:28.040Z,"285 km SW of Bandar Lampung, Indonesia",earthquake,8.48,1.913,0.199,7,reviewed,us,us
2024-10-07T00:15:40.030Z,37.4831657409668,-118.845664978027,3.25,2.51,md,22,114,0.1075,0.03,nc,nc75071456,2024-10-07T04:13:49.156Z,"17 km WSW of Toms Place, CA",earthquake,0.47,1.23000002,0.22,31,automatic,nc,nc
2024-10-06T23:36:30.556Z,69.3768,-144.6177,7.2,3,ml,,,,0.7,ak,ak024cvgdxbq,2024-10-06T23:39:57.313Z,"92 km SSW of Kaktovik, Alaska",earthquake,,1.5,,,automatic,ak,ak
2024-10-06T22:57:19.894Z,58.6251,-156.1826,199.9,2.6,ml,,,,0.54,ak,ak024cvfwyzp,2024-10-06T23:11:08.040Z,"28 km ESE of King Salmon, Alaska",earthquake,,0.3,,,automatic,ak,ak
2024-10-06T22:53:36.433Z,-6.3909,128.382,362.143,4.5,mb,22,74,2.396,0.62,us,us6000nwyt,2024-10-06T23:05:54.040Z,"280 km NNE of Lospalos, Timor Leste",earthquake,10.57,8.002,0.131,17,reviewed,us,us
2024-10-06T22:30:14.110Z,18.5143333333333,-66.3436666666667,44.17,3.06,md,23,189,0.1802,0.19,pr,pr71461953,2024-10-06T23:12:49.040Z,"5 km N of Brenas, Puerto Rico",earthquake,0.52,0.74,0.119539973857569,12,reviewed,pr,pr
2024-10-06T21:52:59.301Z,-13.5766,-111.1482,10,5.6,mww,102,110,13.587,0.92,us,us6000nwyj,2024-10-07T21:56:04.868Z,"central East Pacific Rise",earthquake,12.59,1.879,0.073,18,reviewed,us,us
2024-10-06T21:50:49.646Z,-20.7275,-174.2397,10,5,mb,24,108,0.931,0.77,us,us6000nwyi,2024-10-06T22:08:09.040Z,"97 km ENE of Kolonga, Tonga",earthquake,9.48,1.897,0.126,20,reviewed,us,us
2024-10-06T21:35:03.675Z,-33.4255,-178.474,10,4.9,mb,30,109,4.178,0.98,us,us6000nwyc,2024-10-06T21:51:54.040Z,"south of the Kermadec Islands",earthquake,10.09,1.908,0.122,21,reviewed,us,us
2024-10-06T20:40:19.924Z,-20.3142,-69.9777,56.507,3.9,mb,14,88,0.15,0.35,us,us6000nwxz,2024-10-07T16:44:01.051Z,"14 km ESE of Alto Hospicio, Chile",earthquake,5.65,5.559,0.512,1,reviewed,us,us
2024-10-06T20:04:07.172Z,-4.9771,102.8475,59.093,4.5,mb,40,99,0.622,0.73,us,us6000nwxw,2024-10-06T20:36:59.040Z,"114 km SSW of Pagar Alam, Indonesia",earthquake,8.14,7.072,0.108,25,reviewed,us,us
2024-10-06T19:20:10.950Z,65.3207,-147.776,25.5,2.7,ml,,,,0.95,ak,ak024cvdwpxj,2024-10-06T19:48:32.040Z,"41 km N of Fox, Alaska",earthquake,,0.2,,,automatic,ak,ak
2024-10-06T19:14:21.494Z,-15.9664,-74.5975,35,4.4,mb,28,152,4.515,0.95,us,us6000nwxl,2024-10-06T19:32:12.040Z,"31 km SW of Atiquipa, Peru",earthquake,5.77,1.925,0.112,23,reviewed,us,us
2024-10-06T18:40:28.800Z,37.2203,-114.9803,10.9,3,ml,17,93.17,0.195,0.1352,nn,nn00885633,2024-10-07T05:25:27.370Z,"22 km SE of Alamo, Nevada",earthquake,,3.6,0.57,12,reviewed,nn,nn
2024-10-06T18:19:53.418Z,17.3515,-98.314,42.204,4.1,mb,27,203,0.32,0.63,us,us6000nwxg,2024-10-06T20:05:49.535Z,"3 km SE of Tlahuapa, Mexico",earthquake,6.4,8.755,0.073,52,reviewed,us,us
2024-10-06T17:56:25.706Z,64.8464,-17.6755,10,5.1,mww,65,102,1.566,0.44,us,us6000nwxc,2024-10-06T18:23:45.040Z,"95 km SSE of Akureyri, Iceland",earthquake,9.81,1.9,0.052,36,reviewed,us,us
2024-10-06T17:20:32.193Z,60.8806,-141.4641,13.3,3.7,ml,,,,0.68,ak,ak024cvcpwds,2024-10-06T19:36:05.453Z,"99 km SE of McCarthy, Alaska",earthquake,,0.2,,,reviewed,ak,ak
2024-10-06T17:20:03.210Z,38.6405,141.7572,57.641,4.6,mb,28,142,2.212,0.41,us,us6000nwx8,2024-10-06T17:38:09.040Z,"34 km NE of Onagawa Chō, Japan",earthquake,6.66,8.937,0.152,13,reviewed,us,us
2024-10-06T17:10:03.972Z,9.1287,40.3209,10,4.9,mb,67,74,3.445,0.48,us,us6000nwx4,2024-10-08T11:19:58.649Z,"23 km NE of Āwash, Ethiopia",earthquake,8.83,1.856,0.069,65,reviewed,us,us
2024-10-06T16:47:42.613Z,-17.7267,-178.1744,582.698,4.4,mb,23,96,3.596,0.51,us,us6000nwx2,2024-10-06T17:10:05.040Z,"268 km E of Levuka, Fiji",earthquake,13.46,15.05,0.123,19,reviewed,us,us
2024-10-06T15:57:26.260Z,18.6671666666667,-65.1955,59.52,3.21,md,13,221,0.3672,0.15,pr,pr71461933,2024-10-06T16:18:59.870Z,"41 km NNE of Culebra, Puerto Rico",earthquake,1.95,1.64,0.0683436291520987,4,reviewed,pr,pr
2024-10-06T15:41:51.096Z,58.7393,-153.2794,54.5,2.7,ml,,,,0.62,ak,ak024cvbnklw,2024-10-06T16:00:37.040Z,"78 km NNW of Aleneva, Alaska",earthquake,,0.5,,,automatic,ak,ak
2024-10-06T15:07:23.601Z,53.2185,-167.1107,48.174,4.3,mb,38,163,0.518,0.83,us,us6000nwws,2024-10-06T19:28:22.887Z,"82 km SSW of Unalaska, Alaska",earthquake,5.17,9.237,0.072,55,reviewed,us,us
2024-10-06T14:33:52.312Z,-17.7396,-178.4677,594.215,4.3,mb,16,123,3.316,0.46,us,us6000nwwl,2024-10-06T14:49:45.040Z,"237 km E of Levuka, Fiji",earthquake,19.63,12.559,0.153,12,reviewed,us,us
2024-10-06T13:00:58.349Z,-17.2115,171.6429,10,5.2,mww,39,75,6.14,0.54,us,us6000nwwa,2024-10-06T13:20:31.040Z,"Vanuatu region",earthquake,9.93,1.869,0.073,18,reviewed,us,us
2024-10-06T12:08:40.597Z,39.0052,25.8344,10,4.6,mb,26,48,0.837,0.91,us,us6000nww7,2024-10-07T07:28:56.784Z,"20 km SSW of Eresós, Greece",earthquake,4.88,1.884,0.165,11,reviewed,us,us
2024-10-06T11:08:56.917Z,53.2876,-167.0436,47.192,4.5,mwr,53,164,0.516,0.68,us,us6000nww1,2024-10-06T19:23:54.444Z,"73 km SSW of Unalaska, Alaska",earthquake,5.83,5.639,0.08,15,reviewed,us,us
2024-10-06T11:05:16.761Z,52.9501,153.5981,441.914,4.1,mb,65,165,3.054,0.48,us,us6000nww0,2024-10-06T11:56:03.040Z,"255 km NW of Ozernovskiy, Russia",earthquake,18.06,12.454,0.068,58,reviewed,us,us
2024-10-06T11:04:32.570Z,34.0196667,-117.596,6.61,2.51,ml,133,21,0.01644,0.17,ci,ci40752839,2024-10-07T19:36:28.270Z,"5 km SE of Ontario, CA",earthquake,0.09,0.25,0.169,24,reviewed,ci,ci
2024-10-06T10:51:08.410Z,34.0236667,-117.5923333,5.17,3.99,mw,183,12,0.01565,0.25,ci,ci40752807,2024-10-08T14:04:24.062Z,"5 km SE of Ontario, CA",earthquake,0.12,0.3,,6,reviewed,ci,ci
2024-10-06T10:19:13.621Z,-40.3183,176.5809,21.42,4.7,mb,35,79,0.442,1.22,us,us6000nwva,2024-10-07T01:45:01.878Z,"42 km ESE of Dannevirke, New Zealand",earthquake,3.85,4.315,0.167,13,reviewed,us,us
2024-10-06T10:06:10.693Z,42.2457,144.5047,35,4.4,mb,43,137,1.029,0.54,us,us6000nwv8,2024-10-07T02:05:45.040Z,"81 km S of Kushiro, Japan",earthquake,6.9,1.94,0.093,33,reviewed,us,us
2024-10-06T09:38:03.829Z,69.338,-144.9269,0,2.9,ml,,,,0.74,ak,ak024cv828ah,2024-10-06T12:54:39.040Z,"101 km SSW of Kaktovik, Alaska",earthquake,,0.7,,,automatic,ak,ak
2024-10-06T08:34:13.638Z,53.3398,-167.0986,57.264,4.7,mb,48,163,0.473,0.96,us,us6000nwuu,2024-10-06T09:03:39.728Z,"70 km SSW of Unalaska, Alaska",earthquake,4.31,6.148,0.034,263,reviewed,us,us
2024-10-06T08:07:44.720Z,38.8333320617676,-122.814498901367,1.75999999046326,2.99,md,83,24,0.01051,0.09,nc,nc75071071,2024-10-06T20:35:43.425Z,"8 km NNW of The Geysers, CA",earthquake,0.12,0.170000002,0.12,100,automatic,nc,nc
2024-10-06T07:48:57.780Z,18.0305,-66.7666666666667,12.17,2.78,md,12,136,0.1531,0.14,pr,pr71461913,2024-10-06T08:06:24.260Z,"1 km N of Magas Arriba, Puerto Rico",earthquake,0.41,0.47,0.115538409682479,6,reviewed,pr,pr
2024-10-06T06:13:55.023Z,28.0963,139.7675,419.377,4.7,mb,106,31,2.365,0.66,us,us6000nwuh,2024-10-06T07:20:30.040Z,"Bonin Islands, Japan region",earthquake,10.14,7.696,0.026,462,reviewed,us,us
2024-10-06T06:08:19.468Z,38.3569,-115.7821,7.8,3.3,ml,13,131.07999999999998,0.713,0.1534,nn,nn00885594,2024-10-06T18:41:05.657Z,"79 km N of Rachel, Nevada",earthquake,,2.1,0.21,8,reviewed,nn,nn
2024-10-06T06:01:10.770Z,17.903,-66.8708333333333,12.21,2.86,md,7,200,0.1778,0.3,pr,pr71461898,2024-10-06T06:11:45.350Z,"8 km SSE of Guánica, Puerto Rico",earthquake,1.14,1.52,0.199023974365116,7,reviewed,pr,pr
2024-10-06T05:26:36.812Z,12.4167,123.6419,12.022,4.8,mb,46,127,5.646,0.66,us,us6000nwua,2024-10-06T06:06:17.040Z,"5 km NNE of Masbate, Philippines",earthquake,9.91,3.182,0.097,33,reviewed,us,us
2024-10-06T04:13:24.410Z,18.799,-64.3478333333333,21.62,3.42,md,7,321,0.4569,0.16,pr,pr71461883,2024-10-06T04:27:44.550Z,"69 km NE of Cruz Bay, U.S. Virgin Islands",earthquake,1.86,14.67,0.0978950510217833,6,reviewed,pr,pr
2024-10-06T03:57:31.888Z,53.1106,-166.9331,25.6,4.1,ml,,,,0.65,ak,ak024cv4lrg5,2024-10-06T19:17:00.911Z,"89 km SSW of Unalaska, Alaska",earthquake,,1.9,,,reviewed,ak,ak
2024-10-06T03:33:45.415Z,53.1145,-167.123,51.913,4.1,mb,47,165,0.559,0.7,us,us6000nwtw,2024-10-06T19:11:37.885Z,"93 km SSW of Unalaska, Alaska",earthquake,6.44,10.098,0.082,43,reviewed,us,us
2024-10-06T03:33:41.010Z,42.472,-108.91,34.59,2.54,ml,18,243,0.5619,0.2,uu,uu80084026,2024-10-08T05:18:13.026Z,"14 km W of Atlantic City, Wyoming",earthquake,2.13,31.61,0.469380687896367,2,reviewed,uu,uu
2024-10-06T03:26:57.751Z,-33.8077,-72.1083,23.688,4.5,mb,52,146,0.438,0.77,us,us6000nwtt,2024-10-06T03:50:47.040Z,"52 km WSW of San Antonio, Chile",earthquake,4.64,3.858,0.099,30,reviewed,us,us
2024-10-06T03:07:02.845Z,60.8946,-151.3288,119.9,3,ml,,,,0.9,ak,ak024cv4avwb,2024-10-06T03:09:26.084Z,"21 km SSW of Tyonek, Alaska",earthquake,,1.7,,,automatic,ak,ak
2024-10-06T02:56:53.287Z,51.6388,175.4597,57.119,4.5,mb,72,198,1.958,0.81,us,us6000nwtm,2024-10-06T03:19:14.040Z,"205 km SE of Attu Station, Alaska",earthquake,13.29,9.77,0.066,67,reviewed,us,us
2024-10-06T02:54:10.344Z,36.3994,70.4231,210.664,4.3,mb,30,252,2.017,1,us,us6000nwti,2024-10-06T03:34:15.040Z,"54 km ESE of Farkhār, Afghanistan",earthquake,11.07,11.638,0.201,7,reviewed,us,us
2024-10-06T01:33:52.402Z,69.361,-144.7655,0,3,ml,,,,0.67,ak,ak024cv39slq,2024-10-06T02:39:36.216Z,"96 km SSW of Kaktovik, Alaska",earthquake,,2.1,,,automatic,ak,ak
2024-10-06T01:28:31.160Z,17.8433333333333,-66.8598333333333,13.75,2.63,md,4,256,0.2158,0.08,pr,pr71461863,2024-10-06T01:41:59.630Z,"15 km SSE of Guánica, Puerto Rico",earthquake,1.11,0.61,0.103762197832058,4,reviewed,pr,pr
2024-10-06T00:25:57.740Z,36.1451667,-117.0811667,1.83,3.59,mw,27,125,0.302,0.16,ci,ci40752591,2024-10-07T00:29:26.346Z,"40 km SSW of Furnace Creek, CA",earthquake,0.3,0.9,,4,reviewed,ci,ci
2024-10-05T23:54:02.808Z,-2.0657,-80.5293,35,4.2,ml,13,289,0.98,0.62,us,us6000nwsi,2024-10-06T00:16:09.040Z,"40 km ENE of Santa Elena, Ecuador",earthquake,6.62,2.027,0.077,22,reviewed,us,us
2024-10-05T23:34:19.216Z,53.4293,-163.1907,32.948,3.8,mb,39,209,1.26,1.04,us,us6000nwst,2024-10-06T00:49:07.040Z,"159 km S of False Pass, Alaska",earthquake,6.24,13.211,0.193,7,reviewed,us,us
2024-10-05T23:14:50.420Z,17.905,-66.8625,10.19,2.85,md,8,198,0.1845,0.07,pr,pr71461848,2024-10-05T23:27:35.040Z,"8 km SSE of Maria Antonia, Puerto Rico",earthquake,0.53,1.08,0.0160278804924101,4,reviewed,pr,pr
2024-10-05T23:02:00.488Z,-28.5736,-175.7417,34.954,5.1,mb,30,166,2.029,1.05,us,us6000nwsc,2024-10-05T23:18:39.040Z,"Kermadec Islands region",earthquake,12.16,7.898,0.11,27,reviewed,us,us
2024-10-05T21:47:59.320Z,38.5223350524902,-122.443832397461,8.72000026702881,2.58,md,72,51,0.09521,0.2,nc,nc75070886,2024-10-06T15:16:42.008Z,"3 km ENE of Saint Helena, CA",earthquake,0.23,0.75999999,0.1,53,automatic,nc,nc
2024-10-05T21:15:35.290Z,19.6541,-67.3896,15,3.55,md,8,237,1.5092,0.21,pr,pr2024279000,2024-10-05T22:43:19.338Z,"132 km NNW of San Antonio, Puerto Rico",earthquake,1.3,3.35,0.1,8,reviewed,pr,pr
2024-10-05T20:52:08.987Z,53.2052,-167.0581,51.993,4.4,mb,72,161,0.552,0.86,us,us6000nwss,2024-10-06T01:20:12.040Z,"82 km SSW of Unalaska, Alaska",earthquake,4.98,5.21,0.071,57,reviewed,us,us
2024-10-05T20:44:22.234Z,-21.596,-68.5587,143.663,4.2,mb,19,68,0.666,1.38,us,us6000nwrr,2024-10-06T01:01:05.040Z,"51 km SW of Ollagüe, Chile",earthquake,7.9,7.199,0.166,10,reviewed,us,us
2024-10-05T20:40:52.482Z,52.1416,-174.4417,101.428,4.1,mb,63,125,0.162,0.74,us,us6000nwsq,2024-10-06T00:44:10.040Z,"17 km WSW of Atka, Alaska",earthquake,8.25,3.079,0.082,43,reviewed,us,us
2024-10-05T19:15:34.362Z,35.3597,52.8989,10,4.5,mb,52,142,4.934,0.81,us,us6000nwr9,2024-10-07T22:46:32.382Z,"50 km WSW of Semnan, Iran",earthquake,11.1,1.931,0.092,35,reviewed,us,us
2024-10-05T19:03:19.571Z,69.3276,-145.0851,2,2.8,ml,,,,0.5,ak,ak024ctq9qxh,2024-10-06T00:16:57.040Z,"106 km SSW of Kaktovik, Alaska",earthquake,,0.4,,,automatic,ak,ak
2024-10-05T18:15:12.437Z,51.117,-176.1515,25.6,3.5,ml,,,,0.62,ak,ak024ctpqvcm,2024-10-05T19:30:11.657Z,"90 km SSE of Adak, Alaska",earthquake,,1.9,,,reviewed,ak,ak
2024-10-05T17:20:20.537Z,54.4484,-161.7046,9.6,3.5,ml,,,,0.74,ak,ak024ctp6is3,2024-10-05T19:27:23.947Z,"78 km SSE of King Cove, Alaska",earthquake,,1.1,,,reviewed,ak,ak
2024-10-05T16:49:37.850Z,40.3633346557617,-124.609336853027,25.8099994659424,2.67,md,38,242,0.2172,0.17,nc,nc75070781,2024-10-05T19:21:52.040Z,"28 km WNW of Petrolia, CA",earthquake,2.23,1.51999998,0.15,16,automatic,nc,nc
2024-10-05T16:24:35.160Z,40.3673333333333,-124.591666666667,25.93,3.43,mw,64,230,0.2059,0.15,nc,nc75070761,2024-10-06T02:57:42.003Z,"26 km WNW of Petrolia, CA",earthquake,0.86,0.65,,4,reviewed,nc,nc
2024-10-05T16:13:46.981Z,62.2204,-148.8436,32.3,2.5,ml,,,,0.37,ak,ak024ctojne2,2024-10-05T18:19:50.040Z,"49 km N of Sutton-Alpine, Alaska",earthquake,,0.3,,,automatic,ak,ak
2024-10-05T16:10:32.222Z,61.3463,-146.5395,27.5,2.5,ml,,,,0.32,ak,ak024ctoiz3q,2024-10-05T17:42:13.040Z,"26 km NNW of Valdez, Alaska",earthquake,,0.2,,,automatic,ak,ak
2024-10-05T16:08:55.102Z,-41.3377,174.4207,48.54,5.1,mww,129,21,0.215,1.2,us,us6000nwqg,2024-10-07T18:23:23.594Z,"27 km WSW of Karori, New Zealand",earthquake,2.75,4.729,0.086,13,reviewed,us,us
2024-10-05T15:26:19.116Z,11.6489,-87.1247,44.782,4.3,mb,35,177,0.991,0.81,us,us6000nwqb,2024-10-05T17:25:31.040Z,"68 km WSW of Masachapa, Nicaragua",earthquake,5.84,12.71,0.119,20,reviewed,us,us
2024-10-05T14:53:47.625Z,-21.7033,-68.436,152.757,4.2,mb,15,97,0.755,0.66,us,us6000nwq8,2024-10-05T16:15:36.040Z,"56 km SSW of Ollagüe, Chile",earthquake,9.83,11.912,0.199,8,reviewed,us,us
2024-10-05T14:40:36.241Z,9.9631,126.3331,35,4.9,mb,68,99,2.97,0.81,us,us6000nwq6,2024-10-06T12:15:16.251Z,"27 km ENE of Pilar, Philippines",earthquake,7.24,1.863,0.06,88,reviewed,us,us
2024-10-05T13:16:21.940Z,18.8096666666667,-66.7241666666667,40.41,2.98,md,11,241,0.3788,0.2,pr,pr71461828,2024-10-05T14:02:20.750Z,"36 km N of Carrizales, Puerto Rico",earthquake,1.06,1.81,0.152443633001981,8,reviewed,pr,pr
2024-10-05T12:50:42.585Z,53.2363,-167.1235,47.041,5.4,mww,78,124,0.504,0.79,us,us6000nwpv,2024-10-08T13:00:54.315Z,"81 km SSW of Unalaska, Alaska",earthquake,7.04,6.203,0.066,22,reviewed,us,us
2024-10-05T12:50:23.838Z,53.0819,-166.98,35,5.1,mwr,64,135,0.649,0.63,us,us6000nwq0,2024-10-08T13:00:38.277Z,"93 km SSW of Unalaska, Alaska",earthquake,3.92,1.931,0.066,22,reviewed,us,us
2024-10-05T12:17:00.230Z,40.3975,-125.5585,10,3.74,mw,126,245,0.9352,0.28,nc,nc75070701,2024-10-05T22:07:38.706Z,"108 km WNW of Petrolia, CA",earthquake,1.89,31.61,,4,reviewed,nc,nc
2024-10-05T12:08:12.354Z,37.6351,-31.6445,10,4.8,mb,66,83,4.855,0.89,us,us6000nwpm,2024-10-05T12:51:47.040Z,"197 km SSW of Lajes das Flores, Portugal",earthquake,11.06,1.872,0.067,69,reviewed,us,us
2024-10-05T11:45:30.324Z,-17.3967,-173.4475,40.756,5.4,mb,62,50,3.739,1.37,us,us6000nwpi,2024-10-07T08:31:16.314Z,"150 km NNE of Neiafu, Tonga",earthquake,8.71,6.769,0.034,300,reviewed,us,us
2024-10-05T11:34:34.028Z,19.8879,-156.8131,14.654,2.7,ml,17,312,0.942,0.22,us,us6000nwpg,2024-10-06T08:12:43.040Z,"88 km WNW of Kalaoa, Hawaii",earthquake,11.65,9.703,0.069,28,reviewed,us,us
2024-10-05T11:19:10.520Z,-18.7626,-177.5599,371.448,4.5,mb,49,79,3.57,0.66,us,us6000nwpf,2024-10-06T08:06:27.040Z,"Fiji region",earthquake,11.85,7.842,0.081,44,reviewed,us,us
2024-10-05T10:42:25.088Z,-19.3469,-172.5407,10,4.9,mb,48,87,2.484,0.65,us,us6000nwpd,2024-10-05T11:21:19.040Z,"170 km ESE of Neiafu, Tonga",earthquake,8.36,1.859,0.087,41,reviewed,us,us
2024-10-05T08:25:18.197Z,-16.3864,167.8638,206.409,4.8,mb,25,200,5.355,0.62,us,us6000nwp2,2024-10-05T08:59:23.040Z,"57 km ESE of Lakatoro, Vanuatu",earthquake,14.8,9.857,0.1,31,reviewed,us,us
2024-10-05T07:34:47.770Z,18.3263333333333,-67.4333333333333,12.71,2.95,md,7,310,0.1746,0.07,pr,pr71461813,2024-10-05T07:49:39.530Z,"19 km W of Rincón, Puerto Rico",earthquake,1.18,0.55,0.0207428837420833,4,reviewed,pr,pr
2024-10-05T06:45:12.485Z,54.2938,-161.7133,31.075,4.9,mb,97,145,1.225,0.96,us,us6000nwnq,2024-10-05T19:12:35.077Z,"93 km SSE of King Cove, Alaska",earthquake,5.9,6.267,0.053,112,reviewed,us,us
2024-10-05T06:22:52.800Z,40.4103333333333,-125.1665,9.83,2.64,md,68,256,0.636,0.29,nc,nc75070611,2024-10-05T08:23:28.841Z,"75 km WNW of Petrolia, CA",earthquake,1.45,31.61,0.332,51,reviewed,nc,nc
2024-10-05T05:08:32.987Z,60.935,-150.3414,55.9,3,ml,,,,0.56,ak,ak024cthys0o,2024-10-06T05:11:35.405Z,"18 km E of Point Possession, Alaska",earthquake,,0.4,,,reviewed,ak,ak
2024-10-05T04:39:28.342Z,16.7077,-86.0555,10,4.1,mb,75,35,2.885,1.14,us,us6000nwnd,2024-10-05T05:12:13.738Z,"33 km NNW of Guanaja, Honduras",earthquake,7.71,1.976,0.08,44,reviewed,us,us
2024-10-05T03:29:26.129Z,32.3247,56.4756,10,4.1,mb,20,128,7.356,0.66,us,us6000nwn6,2024-10-05T03:48:55.040Z,"121 km NNW of Rāvar, Iran",earthquake,7.84,1.959,0.101,27,reviewed,us,us
2024-10-05T02:17:55.940Z,17.9195,-66.8606666666667,13.23,2.75,md,5,227,0.1817,0.14,pr,pr71461803,2024-10-05T02:34:13.850Z,"7 km SSE of Maria Antonia, Puerto Rico",earthquake,2.59,1.92,0.054026621906057,4,reviewed,pr,pr
2024-10-05T01:09:42.574Z,62.7858,-156.8171,9.348,2.6,ml,20,50,0.397,0.72,us,us6000nwmk,2024-10-05T01:26:15.040Z,"44 km WSW of Takotna, Alaska",earthquake,3.58,2.889,0.059,38,reviewed,us,us
2024-10-04T22:40:52.230Z,47.605666666666664,-121.807,15.92,2.61,ml,67,56,0.103,0.16,uw,uw62043857,2024-10-05T21:39:43.661Z,"7 km NE of Fall City, Washington",earthquake,0.22,0.27,0.15829437745145647,93,reviewed,uw,uw
2024-10-04T22:22:10.161Z,2.2567,128.3077,156.803,4.5,mb,34,109,1.749,0.51,us,us6000nwm9,2024-10-05T01:52:45.040Z,"67 km NNE of Tobelo, Indonesia",earthquake,12.03,6.845,0.113,23,reviewed,us,us
2024-10-04T21:46:53.794Z,67.3246,-156.3253,2.5,2.8,ml,,,,0.14,ak,ak024cs46k2r,2024-10-05T00:43:53.040Z,"52 km NNE of Kobuk, Alaska",earthquake,,0.5,,,automatic,ak,ak
2024-10-04T21:21:11.974Z,4.9457,126.2526,102.506,4.7,mb,55,107,2.214,0.64,us,us6000nwls,2024-10-04T21:38:21.040Z,"101 km ESE of Sarangani, Philippines",earthquake,8.5,6.154,0.08,47,reviewed,us,us
2024-10-04T21:17:00.889Z,33.76,137.2026,360,4.4,mb,67,77,1.592,0.73,us,us6000nwlq,2024-10-04T21:46:12.040Z,"72 km SSE of Shima, Japan",earthquake,10.02,8.004,0.052,107,reviewed,us,us
2024-10-04T21:15:10.287Z,-19.8696,-175.1116,100.973,4.8,mb,20,217,1.506,0.53,us,us6000nwlr,2024-10-04T21:31:57.040Z,"79 km W of Pangai, Tonga",earthquake,15.13,10.553,0.128,19,reviewed,us,us
2024-10-04T21:06:06.717Z,51.1652,-179.2718,33.562,3.6,mb,19,214,0.483,0.29,us,us6000nwmc,2024-10-05T00:04:04.040Z,"199 km WSW of Adak, Alaska",earthquake,6.12,12.646,0.25,4,reviewed,us,us
2024-10-04T20:18:32.700Z,34.2105,-117.4983333,11.46,2.52,ml,109,25,0.002986,0.18,ci,ci40751975,2024-10-07T17:19:01.620Z,"5 km S of Lytle Creek, CA",earthquake,0.11,0.26,0.159,24,reviewed,ci,ci
2024-10-04T18:40:43.468Z,56.5679,-149.3397,19.95,3.3,ml,42,191,2.145,0.55,us,us6000nwl2,2024-10-04T20:53:23.040Z,"212 km SE of Chiniak, Alaska",earthquake,4.57,8.091,0.044,68,reviewed,us,us
2024-10-04T18:12:28.560Z,17.9488333333333,-66.8428333333333,12.93,2.69,md,9,176,0.1928,0.07,pr,pr71461793,2024-10-04T18:29:22.440Z,"5 km SSW of Indios, Puerto Rico",earthquake,0.47,0.56,0.0356675568394484,7,reviewed,pr,pr
2024-10-04T17:25:52.040Z,40.2186660766602,-121.168334960938,-1.8400000333786,2.79,md,33,80,0.2498,0.24,nc,nc75070321,2024-10-07T19:47:02.738Z,"1 km E of Almanor, CA",earthquake,0.4,2.43000007,0.08,24,automatic,nc,nc
2024-10-04T14:48:06.319Z,9.958,126.4051,34.82,4.7,mb,42,116,2.984,0.66,us,us6000nwjp,2024-10-04T15:42:18.040Z,"35 km ENE of Pilar, Philippines",earthquake,11.78,5.107,0.097,32,reviewed,us,us
2024-10-04T13:58:58.685Z,-55.5383,-124.7457,10,5.3,mww,82,87,28.741,0.52,us,us6000nwkv,2024-10-04T20:32:09.040Z,"southern East Pacific Rise",earthquake,9.19,1.802,0.11,8,reviewed,us,us
2024-10-04T13:49:01.187Z,70.6291,-14.7306,10,5.2,mww,93,46,6.415,0.39,us,us6000nwja,2024-10-04T14:06:42.040Z,"223 km W of Olonkinbyen, Svalbard and Jan Mayen",earthquake,8.69,1.878,0.06,27,reviewed,us,us
2024-10-04T13:35:22.989Z,60.5321,-159.1053,7.5,2.6,ml,,,,0.75,ak,ak024crzcnze,2024-10-04T13:37:51.910Z,"116 km S of Chuathbaluk, Alaska",earthquake,,0.6,,,automatic,ak,ak
2024-10-04T13:29:34.480Z,18.0413333333333,-64.6083333333333,101.91,3.29,md,13,269,0.377,0.29,pr,pr71461768,2024-10-04T14:10:18.400Z,"34 km NNE of Christiansted, U.S. Virgin Islands",earthquake,6.27,2.68,0.0890804470568973,9,reviewed,pr,pr
2024-10-04T12:57:59.197Z,-20.3044,-69.9849,52.492,4.6,mb,17,86,0.141,0.76,us,us6000nwii,2024-10-05T01:33:30.402Z,"13 km ESE of Alto Hospicio, Chile",earthquake,5.45,5.937,0.206,7,reviewed,us,us
2024-10-04T11:47:46.121Z,70.7284,-14.8202,10,4.8,mb,37,61,6.492,0.83,us,us6000nwi9,2024-10-04T12:22:47.040Z,"224 km W of Olonkinbyen, Svalbard and Jan Mayen",earthquake,9.06,1.905,0.074,58,reviewed,us,us
2024-10-04T11:42:16.224Z,70.7049,-14.7924,10,5.1,mww,56,54,6.475,0.75,us,us6000nwi8,2024-10-04T15:49:12.040Z,"224 km W of Olonkinbyen, Svalbard and Jan Mayen",earthquake,8.63,1.858,0.103,9,reviewed,us,us
2024-10-04T10:17:38.630Z,18.755,-64.3835,19.68,3.08,md,10,312,0.4017,0.27,pr,pr71461758,2024-10-04T14:55:30.040Z,"63 km NE of Cruz Bay, U.S. Virgin Islands",earthquake,8.38,16.92,0.14082014633602,4,reviewed,pr,pr
2024-10-04T09:08:58.422Z,49.0567,-123.3635,61.533,3.7,mb,198,43,0.145,0.41,us,us6000nwgu,2024-10-08T02:57:03.077Z,"20 km SW of Richmond, Canada",earthquake,2.35,3.938,0.226,5,reviewed,us,us
2024-10-04T08:58:49.536Z,70.7071,-14.7766,10,4.9,mww,41,64,6.479,1.04,us,us6000nwgt,2024-10-04T09:40:55.040Z,"223 km W of Olonkinbyen, Svalbard and Jan Mayen",earthquake,9.74,1.914,0.065,23,reviewed,us,us
2024-10-04T08:53:02.569Z,-5.4677,34.1883,9.822,4.7,mb,34,70,5.286,0.61,us,us6000nwgr,2024-10-04T15:38:02.403Z,"41 km NW of Itigi, Tanzania",earthquake,10.52,3.97,0.11,25,reviewed,us,us
2024-10-04T07:42:38.870Z,18.4453,-68.725,144,3.81,md,15,166,0.3504,0.43,pr,pr2024278002,2024-10-05T10:11:36.040Z,"5 km WNW of San Rafael del Yuma, Dominican Republic",earthquake,3.72,1.95,0.3,7,reviewed,pr,pr
2024-10-04T06:38:21.433Z,63.197,-149.8113,0,2.7,ml,,,,0.93,ak,ak024crv79rk,2024-10-04T06:41:43.501Z,"48 km WSW of Cantwell, Alaska",earthquake,,3.9,,,automatic,ak,ak
2024-10-04T06:35:17.860Z,-21.5449,-68.7254,115.671,4.3,mb,34,62,0.542,0.93,us,us6000nwgd,2024-10-04T07:34:27.040Z,"60 km SW of Ollagüe, Chile",earthquake,6.87,6.961,0.104,26,reviewed,us,us
2024-10-04T06:32:16.794Z,-4.8477,133.8305,10,4.6,mb,14,93,2.482,1.28,us,us6000nwic,2024-10-06T05:23:02.040Z,"147 km NE of Tual, Indonesia",earthquake,7.17,1.83,0.146,14,reviewed,us,us
2024-10-04T06:00:51.230Z,18.2646,-64.3675,121,3.69,md,9,318,0.2927,0.14,pr,pr2024278001,2024-10-04T07:10:11.040Z,"45 km E of Cruz Bay, U.S. Virgin Islands",earthquake,7.37,1.63,0.15,9,reviewed,pr,pr
2024-10-04T05:57:19.704Z,37.9049,33.2863,10,4.5,mb,50,65,1.998,0.78,us,us6000nwgc,2024-10-04T07:11:50.040Z,"31 km NW of Karapınar, Turkey",earthquake,5.1,1.891,0.104,27,reviewed,us,us
2024-10-04T03:24:52.321Z,70.6423,-14.3397,10,4.5,mb,32,72,6.486,0.91,us,us6000nwfs,2024-10-04T03:44:07.040Z,"208 km W of Olonkinbyen, Svalbard and Jan Mayen",earthquake,7.82,1.684,0.127,18,reviewed,us,us
2024-10-04T03:06:29.685Z,52.1423,178.0008,171.635,4.5,mb,117,88,0.399,0.74,us,us6000nwfn,2024-10-04T03:51:00.040Z,"Rat Islands, Aleutian Islands, Alaska",earthquake,9.74,5.366,0.056,94,reviewed,us,us
2024-10-04T02:27:38.960Z,19.154,-64.9453333333333,34.29,3.4,md,8,278,0.7922,0.29,pr,pr71461703,2024-10-04T02:55:01.910Z,"89 km N of Charlotte Amalie, U.S. Virgin Islands",earthquake,3.67,16.82,0.108494094813208,5,reviewed,pr,pr
2024-10-04T02:26:37.620Z,19.0771666666667,-64.9413333333333,48.73,3.1,md,5,291,0.7208,0.18,pr,pr71461718,2024-10-04T03:49:01.610Z,"81 km N of Charlotte Amalie, U.S. Virgin Islands",earthquake,5.73,10.86,0.0553558075531895,2,reviewed,pr,pr
2024-10-04T02:10:06.310Z,19.249,-64.8655,49,3.57,md,14,279,0.8698,0.37,pr,pr2024278000,2024-10-04T02:48:36.040Z,"100 km N of Charlotte Amalie, U.S. Virgin Islands",earthquake,3.98,10.84,0.13,14,reviewed,pr,pr
2024-10-04T02:09:05.411Z,19.1659,-65.0197,35,3.3,ml,15,206,0.811,0.41,us,us6000nwfg,2024-10-04T02:28:30.040Z,"91 km N of Charlotte Amalie, U.S. Virgin Islands",earthquake,5.01,2.016,0.069,28,reviewed,us,us
2024-10-04T01:49:12.804Z,58.6125,-154.7158,2.6,4.3,ml,,,,0.61,ak,ak024crsafyp,2024-10-04T18:46:40.290Z,"92 km S of Kokhanok, Alaska",earthquake,,0.2,,,reviewed,ak,ak
2024-10-04T01:45:36.496Z,57.3772,-155.1369,38.8,3.4,ml,,,,0.81,ak,ak024crs9mx8,2024-10-04T02:23:25.040Z,"46 km WSW of Karluk, Alaska",earthquake,,2.2,,,automatic,ak,ak
2024-10-03T22:41:37.040Z,36.2415,-89.4978333333333,9.73,2.5,md,45,42,,0.11,nm,nm60592291,2024-10-08T02:35:45.040Z,"2 km SSW of Ridgely, Tennessee",earthquake,0.19,0.35,0.137096222929797,35,reviewed,nm,nm
2024-10-03T20:53:43.674Z,2.7903,128.1927,157.794,4.8,mb,51,123,2.168,0.82,us,us6000nwdx,2024-10-03T21:07:44.040Z,"119 km N of Tobelo, Indonesia",earthquake,9.29,7.775,0.08,48,reviewed,us,us
2024-10-03T20:10:01.902Z,70.7292,-14.7572,10,4.6,mb,33,62,6.502,0.35,us,us6000nwdn,2024-10-03T20:38:05.040Z,"222 km W of Olonkinbyen, Svalbard and Jan Mayen",earthquake,9.52,1.918,0.111,24,reviewed,us,us
2024-10-03T20:07:34.240Z,36.473,-121.049166666667,3.51,2.5,md,69,64,0.01906,0.09,nc,nc75070041,2024-10-05T10:00:18.430Z,"11 km SE of Pinnacles, CA",earthquake,0.13,0.2,0.169,70,reviewed,nc,nc
2024-10-03T20:05:13.256Z,5.6965,126.1575,110.731,4.8,mb,51,83,1.48,0.81,us,us6000nwde,2024-10-03T20:23:27.040Z,"62 km ESE of Caburan, Philippines",earthquake,9.54,6.742,0.081,47,reviewed,us,us
2024-10-03T19:30:49.870Z,-17.7647,-178.3819,533.187,4.5,mb,65,33,3.446,0.9,us,us6000nwd5,2024-10-03T19:47:28.040Z,"246 km E of Levuka, Fiji",earthquake,11.68,8.26,0.043,161,reviewed,us,us
2024-10-03T18:56:34.130Z,17.9658333333333,-67.1016666666667,13.19,2.54,md,3,264,0.04105,0.04,pr,pr71461673,2024-10-03T19:09:54.880Z,"5 km W of La Parguera, Puerto Rico",earthquake,1.57,0.37,0.0451232822640768,3,reviewed,pr,pr
2024-10-03T17:59:42.980Z,18.2265,-67.9023,114,3.74,md,10,185,0.8181,0.24,pr,pr2024277002,2024-10-03T18:27:43.040Z,"66 km SE of Punta Cana, Dominican Republic",earthquake,2.18,1.53,0.08,6,reviewed,pr,pr
2024-10-03T17:59:39.454Z,58.6543,-154.6694,8.1,3.1,ml,,,,0.6,ak,ak024cqec96n,2024-10-03T18:47:28.138Z,"87 km S of Kokhanok, Alaska",earthquake,,0.5,,,reviewed,ak,ak
2024-10-03T17:39:44.449Z,-37.214,52.1688,10,4.9,mb,64,44,24.104,0.39,us,us6000nwc7,2024-10-03T18:00:44.040Z,"South Indian Ocean",earthquake,8.56,1.859,0.07,63,reviewed,us,us
2024-10-03T16:37:22.494Z,50.9882,-176.1036,39.8,3.5,ml,,,,0.6,ak,ak024cqdm1o4,2024-10-03T18:40:34.695Z,"105 km SSE of Adak, Alaska",earthquake,,2.3,,,reviewed,ak,ak
2024-10-03T16:15:38.942Z,12.7422,143.3985,91.368,4.6,mb,64,48,1.661,0.52,us,us6000nwbq,2024-10-03T16:56:24.040Z,"149 km WSW of Merizo Village, Guam",earthquake,9.11,6.101,0.056,96,reviewed,us,us
2024-10-03T14:42:18.381Z,-22.7305,-176.8602,167.346,4.9,mb,45,83,2.221,0.61,us,us6000nwau,2024-10-03T15:13:36.040Z,"236 km SW of Houma, Tonga",earthquake,14.54,6.962,0.085,43,reviewed,us,us
2024-10-03T14:08:15.023Z,61.4221,-146.6428,27.6,2.9,ml,,,,0.34,ak,ak024cqc8y5a,2024-10-03T15:24:35.040Z,"36 km NNW of Valdez, Alaska",earthquake,,0.2,,,automatic,ak,ak
2024-10-03T13:54:20.796Z,51.0014,-176.2227,38.918,4.5,mb,49,195,0.928,0.81,us,us6000nwa7,2024-10-03T18:32:08.088Z,"101 km SSE of Adak, Alaska",earthquake,6.19,7.717,0.054,103,reviewed,us,us
2024-10-03T13:38:08.148Z,51.8092,-176.1565,74.8,3.6,ml,,,,0.6,ak,ak024cqbtxjz,2024-10-03T18:29:22.287Z,"33 km ESE of Adak, Alaska",earthquake,,0.4,,,reviewed,ak,ak
2024-10-03T13:08:40.592Z,51.3378,-177.0247,35,5.1,mb,84,145,0.522,0.64,us,us6000nw9t,2024-10-08T13:18:55.126Z,"65 km SSW of Adak, Alaska",earthquake,3.84,1.68,0.028,402,reviewed,us,us
2024-10-03T13:08:06.252Z,-28.4632,-176.3346,10,5.3,mb,46,111,1.601,0.86,us,us6000nw9u,2024-10-03T13:25:51.040Z,"Kermadec Islands region",earthquake,9.66,1.88,0.083,49,reviewed,us,us
2024-10-03T11:41:49.850Z,18.2888333333333,-66.2361666666667,13.81,2.81,md,14,114,0.124,0.1,pr,pr71461653,2024-10-03T12:21:23.320Z,"1 km SE of Naranjito, Puerto Rico",earthquake,0.23,0.24,0.209595944587379,6,reviewed,pr,pr
2024-10-03T11:05:32.006Z,50.9607,-176.0973,26.038,4,mb,65,197,0.993,0.57,us,us6000nw9b,2024-10-03T18:19:26.501Z,"108 km SSE of Adak, Alaska",earthquake,6.44,8.669,0.077,45,reviewed,us,us
2024-10-03T10:43:14.082Z,-0.9923,148.4357,10,5.4,mb,64,79,1.494,0.63,us,us6000nw94,2024-10-04T10:45:58.692Z,"173 km NE of Lorengau, Papua New Guinea",earthquake,6.12,1.828,0.069,72,reviewed,us,us
2024-10-03T10:10:52.308Z,21.8699,-106.7678,10,4.4,mb,176,200,3.991,0.61,us,us6000nw91,2024-10-07T12:55:56.040Z,"121 km W of Santa Cruz, Mexico",earthquake,9.5,1.974,0.036,221,reviewed,us,us
2024-10-03T10:03:09.081Z,-3.3762,131.0098,10,4.7,mb,29,69,1.318,0.64,us,us6000nw8x,2024-10-03T14:49:33.040Z,"151 km WSW of Fakfak, Indonesia",earthquake,6.74,1.5,0.1,30,reviewed,us,us
2024-10-03T08:19:04.925Z,21.3209,-45.3988,10,5,mb,94,52,15.643,0.65,us,us6000nw8l,2024-10-03T08:36:38.040Z,"northern Mid-Atlantic Ridge",earthquake,11.07,1.881,0.058,96,reviewed,us,us
2024-10-03T08:17:22.520Z,18.2558,-64.857,66,3.57,md,12,204,0.1387,0.06,pr,pr2024277001,2024-10-04T04:30:42.040Z,"10 km SW of Cruz Bay, U.S. Virgin Islands",earthquake,4.11,1.03,0.23,10,reviewed,pr,pr
2024-10-03T07:29:36.245Z,-15.4353,-71.9854,128.204,4.3,mb,29,126,3.316,1.45,us,us6000nw8d,2024-10-03T07:47:07.040Z,"16 km NNW of Tapay, Peru",earthquake,9.6,8.435,0.099,29,reviewed,us,us
2024-10-03T06:29:06.437Z,59.3831,-152.6322,73.8,2.7,ml,,,,0.4,ak,ak024cq7lynw,2024-10-03T07:12:49.040Z,"40 km W of Nanwalek, Alaska",earthquake,,0.6,,,automatic,ak,ak
2024-10-03T05:32:24.290Z,17.8676,-65.6906,10,3.67,md,19,211,0.2679,0.25,pr,pr2024277000,2024-10-03T07:07:51.040Z,"25 km SE of Emajagua, Puerto Rico",earthquake,1.08,0.93,0.12,19,reviewed,pr,pr
2024-10-03T03:15:36.967Z,64.1109,-148.4314,115.2,3.1,ml,,,,0.31,ak,ak024cq5qqbr,2024-10-03T03:33:29.040Z,"35 km ENE of Ferry, Alaska",earthquake,,0.6,,,automatic,ak,ak
2024-10-03T02:59:02.090Z,61.8895,-150.9556,62.4,2.5,ml,,,,0.24,ak,ak024cq5enaw,2024-10-03T22:31:48.040Z,"25 km ESE of Skwentna, Alaska",earthquake,,0.6,,,automatic,ak,ak
2024-10-03T02:43:17.979Z,32.413,-102.06,7.3242,3.2,ml,37,49,0,0.1,tx,tx2024tkmw,2024-10-03T13:55:48.792Z,"34 km WSW of Ackerly, Texas",earthquake,0.5123101748586208,0.6736897747880599,0.2,30,reviewed,tx,tx
2024-10-03T01:50:31.220Z,-46.9021,33.3953,10,5,mb,38,77,17.408,0.79,us,us6000nw77,2024-10-03T02:12:52.040Z,"Prince Edward Islands region",earthquake,12.89,1.817,0.109,28,reviewed,us,us
2024-10-03T01:09:15.456Z,21.9162,94.3332,98.792,4.2,mb,18,138,0.892,0.85,us,us6000nw74,2024-10-03T01:35:36.040Z,"85 km WSW of Monywa, Myanmar",earthquake,14.44,12.69,0.166,10,reviewed,us,us
2024-10-02T23:58:45.687Z,58.5909,-155.0473,136.9,3.1,ml,,,,0.63,ak,ak024couda8b,2024-10-03T00:09:04.040Z,"94 km E of King Salmon, Alaska",earthquake,,0.4,,,automatic,ak,ak
2024-10-02T23:27:09.351Z,11.7795,125.4921,64.138,4.7,mb,43,99,4.681,0.92,us,us6000nw6t,2024-10-02T23:42:35.040Z,"4 km NE of San Julian, Philippines",earthquake,10.64,7.754,0.091,37,reviewed,us,us
2024-10-02T22:24:52.676Z,43.8446,-129.4168,13.482,4,mb,70,208,2.132,0.89,us,us6000nw6j,2024-10-03T21:15:05.654Z,"off the coast of Oregon",earthquake,11.52,7.904,0.11,22,reviewed,us,us
2024-10-02T22:04:14.036Z,56.045,-149.7104,17.915,3.6,ml,20,240,2.349,0.85,us,us6000nw6f,2024-10-03T18:08:25.447Z,"234 km SE of Chiniak, Alaska",earthquake,9.53,8.918,0.053,46,reviewed,us,us
2024-10-02T21:41:46.963Z,-14.3041,167.2944,209.096,5.2,mww,63,64,6.843,0.66,us,us6000nw6c,2024-10-03T08:05:10.339Z,"54 km SSW of Sola, Vanuatu",earthquake,8.86,7.579,0.093,11,reviewed,us,us
2024-10-02T21:05:37.351Z,-34.8421,-179.5924,35,4.7,mb,25,115,3.202,1.13,us,us6000nw66,2024-10-02T21:45:15.040Z,"south of the Kermadec Islands",earthquake,10.92,1.89,0.134,17,reviewed,us,us
2024-10-02T20:52:38.950Z,19.4139995574951,-155.294006347656,6.42999982833862,3.27999997,md,25,68,0.007437,0.370000005,hv,hv74485927,2024-10-02T20:54:42.250Z,"7 km WSW of Volcano, Hawaii",earthquake,0.6,0.790000021,0.25999999,8,automatic,hv,hv
2024-10-02T20:44:00.185Z,5.7544,126.0905,102.668,4.5,mb,43,88,1.402,0.61,us,us6000nw62,2024-10-03T17:25:20.040Z,"52 km ESE of Mangili, Philippines",earthquake,11.38,6.307,0.092,35,reviewed,us,us
2024-10-02T20:34:58.730Z,18.011,-66.8376666666667,13.17,2.83,md,9,129,0.07779,0.25,pr,pr71461603,2024-10-02T20:45:01.980Z,"2 km NW of Indios, Puerto Rico",earthquake,0.71,1.02,0.0610877483158974,3,reviewed,pr,pr
2024-10-02T19:55:58.710Z,38.5468333333333,-119.534833333333,3.26,2.77,md,14,94,0.05384,0.09,nc,nc75069581,2024-10-08T04:21:50.479Z,"6 km NW of Walker, CA",earthquake,0.2,0.52,0.342,18,reviewed,nc,nc
2024-10-02T19:41:01.490Z,11.9994,-86.6932,114.993,4.6,mb,60,66,0.46,0.78,us,us6000nw5b,2024-10-02T20:36:49.040Z,"20 km W of Villa El Carmen, Nicaragua",earthquake,7.98,5.65,0.047,136,reviewed,us,us
2024-10-02T19:33:33.470Z,38.5473333333333,-119.533833333333,3.27,3.02,ml,21,94,0.05352,0.09,nc,nc75069561,2024-10-08T04:10:04.930Z,"6 km NW of Walker, CA",earthquake,0.25,0.78,0.214,54,reviewed,nc,nc
2024-10-02T19:18:05.066Z,61.6527,-150.9794,62.4,3,ml,,,,0.64,ak,ak024corqw26,2024-10-03T19:21:34.498Z,"27 km WNW of Susitna, Alaska",earthquake,,0.8,,,automatic,ak,ak
2024-10-02T19:03:24.652Z,15.8322,-93.9908,72.169,4.4,mb,73,146,1.838,0.73,us,us6000nw51,2024-10-02T19:28:55.040Z,"25 km WSW of Cabeza de Toro, Mexico",earthquake,10.33,10.226,0.061,76,reviewed,us,us
2024-10-02T17:45:50.320Z,35.0385,-116.9825,4.09,2.91,ml,46,53,0.1636,0.13,ci,ci40750535,2024-10-07T18:34:07.040Z,"16 km NNE of Barstow, CA",earthquake,0.13,0.62,0.176,25,reviewed,ci,ci
2024-10-02T16:43:21.158Z,-7.4024,129.0732,121.221,4.4,mb,20,73,5.462,0.79,us,us6000nw4g,2024-10-03T22:47:40.040Z,"260 km ENE of Lospalos, Timor Leste",earthquake,8.82,8.665,0.143,15,reviewed,us,us
2024-10-02T16:20:49.186Z,-4.5278,101.8224,35,4.7,mb,39,188,1.142,0.73,us,us6000nw47,2024-10-02T16:49:49.040Z,"94 km SSW of Bengkulu, Indonesia",earthquake,8.8,1.96,0.106,28,reviewed,us,us
2024-10-02T16:03:25.392Z,55.3527,-151.1584,10,3.2,ml,45,229,2.087,0.98,us,us7000nhr2,2024-10-03T23:07:44.040Z,"245 km SSE of Old Harbor, Alaska",earthquake,9.21,2.017,0.074,24,reviewed,us,us
2024-10-02T15:35:52.207Z,49.2777,-128.7411,10,4.1,mb,31,97,1.419,1.07,us,us7000nhqw,2024-10-04T22:09:37.067Z,"188 km SW of Port McNeill, Canada",earthquake,5.67,1.968,0.08,42,reviewed,us,us
2024-10-02T15:22:44.490Z,17.9653333333333,-66.9853333333333,6.05,2.51,md,5,201,0.0562,0.09,pr,pr71461598,2024-10-02T15:51:54.750Z,"6 km E of La Parguera, Puerto Rico",earthquake,0.73,1.17,0.051356533548113,3,reviewed,pr,pr
2024-10-02T14:56:40.500Z,18.8313333333333,-68.262,14.53,3.24,md,7,167,0.3348,0.33,pr,pr71461588,2024-10-02T15:18:37.910Z,"31 km NNE of Punta Cana, Dominican Republic",earthquake,1.22,3.09,0.150288146596499,4,reviewed,pr,pr
2024-10-02T14:45:53.823Z,68.853,-145.3688,0.3,3,ml,,,,0.77,ak,ak024cooxm5d,2024-10-04T07:08:23.040Z,"81 km N of Arctic Village, Alaska",earthquake,,0.7,,,automatic,ak,ak
2024-10-02T14:40:53.561Z,35.578,141.0927,46.931,4.7,mb,38,141,2.532,0.56,us,us7000nhql,2024-10-04T14:43:04.040Z,"29 km SE of Hasaki, Japan",earthquake,6.91,7.652,0.117,22,reviewed,us,us
2024-10-02T14:34:05.934Z,57.2016,-150.9689,92.6,2.8,ml,,,,0.64,ak,ak024coov5kh,2024-10-04T14:26:39.040Z,"91 km ESE of Chiniak, Alaska",earthquake,,5.3,,,automatic,ak,ak
2024-10-02T12:41:54.290Z,31.8838333,-116.5726667,19.25,2.66,ml,16,90,0.1923,0.17,ci,ci40750263,2024-10-04T04:49:40.040Z,"5 km ENE of Ensenada, B.C., MX",earthquake,0.48,1.56,0.148,18,reviewed,ci,ci
2024-10-02T11:39:53.748Z,46.0971,-73.8064,9.368,2.6,mb_lg,28,92,0.61,0.35,us,us7000nhpv,2024-10-08T04:10:17.093Z,"7 km ENE of Chertsey, Canada",earthquake,4.42,7.798,0.154,11,reviewed,us,us
2024-10-02T11:14:20.710Z,36.0908333333333,-120.201333333333,11.18,2.6,md,54,51,0.05367,0.14,nc,nc75069416,2024-10-04T23:05:16.520Z,"12 km NNW of Avenal, CA",earthquake,0.24,0.34,0.132,64,reviewed,nc,nc
2024-10-02T10:51:09.956Z,13.1094,-89.9021,35.345,4.5,mwr,116,151,0.698,0.84,us,us7000nhpp,2024-10-02T11:10:31.040Z,"54 km S of Acajutla, El Salvador",earthquake,5.92,7.546,0.078,16,reviewed,us,us
2024-10-02T10:26:47.120Z,18.6846666666667,-67.2791666666667,44.98,2.84,md,9,300,0.2287,0.16,pr,pr71461563,2024-10-02T11:04:07.870Z,"28 km NW of San Antonio, Puerto Rico",earthquake,0.89,1.01,0.0853375077544678,6,reviewed,pr,pr
2024-10-02T10:13:45.484Z,23.0683,141.5993,217.835,4.7,mb,50,112,4.045,0.52,us,us7000nhpl,2024-10-02T10:39:30.040Z,"Volcano Islands, Japan region",earthquake,13.73,8.471,0.081,47,reviewed,us,us
2024-10-02T08:46:24.010Z,34.0638333,-118.801,9.94,2.75,ml,113,87,0.02808,0.29,ci,ci40750111,2024-10-03T05:11:41.269Z,"7 km N of Malibu, CA",earthquake,0.22,0.4,0.168,201,reviewed,ci,ci
2024-10-02T08:30:28.973Z,40.3518,-127.3151,10,2.9,ml,32,266,2.441,0.71,us,us7000nhnp,2024-10-02T18:18:28.301Z,"259 km W of Ferndale, California",earthquake,10.46,2.022,0.044,68,reviewed,us,us
2024-10-02T08:11:53.589Z,-20.5217,-178.3739,539.95,4.5,mb,54,78,3.305,0.7,us,us7000nhnl,2024-10-02T08:34:16.040Z,"Fiji region",earthquake,14.03,7.233,0.039,189,reviewed,us,us
2024-10-02T06:49:11.249Z,-17.6026,-69.5744,160.9,4.4,mb,30,114,0.731,0.75,us,us7000nhn6,2024-10-02T07:37:03.040Z,"45 km ENE of Palca, Peru",earthquake,7.66,6.692,0.134,16,reviewed,us,us
2024-10-02T05:43:15.020Z,19.0176,-64.801,45,3.57,md,12,277,0.6296,0.22,pr,pr2024276000,2024-10-02T06:12:49.725Z,"75 km N of Cruz Bay, U.S. Virgin Islands",earthquake,3.64,7.84,0.11,7,reviewed,pr,pr
2024-10-02T05:03:22.348Z,11.788,-87.7772,10,4.4,mb,35,181,1.167,0.77,us,us7000nhmq,2024-10-03T04:06:10.815Z,"101 km SW of Corinto, Nicaragua",earthquake,6.8,1.969,0.079,46,reviewed,us,us
2024-10-02T04:52:34.486Z,52.4325,-165.1586,38.485,3.7,ml,14,226,1.631,0.55,us,us7000nhml,2024-10-08T01:41:55.040Z,"184 km SSE of Unalaska, Alaska",earthquake,8.25,23.681,0.091,16,reviewed,us,us
2024-10-02T04:47:43.140Z,36.9306666666667,-121.2785,8.13,2.53,md,75,37,0.03271,0.12,nc,nc75069291,2024-10-08T01:21:10.040Z,"14 km ENE of Hollister, CA",earthquake,0.16,0.3,0.109,80,reviewed,nc,nc
2024-10-02T04:44:00.199Z,-1.1184,127.5419,10,4.5,mb,25,106,1.886,0.43,us,us7000nhmk,2024-10-08T01:05:14.040Z,"54 km S of Labuha, Indonesia",earthquake,8.27,1.903,0.124,19,reviewed,us,us
2024-10-02T04:06:36.520Z,19.0718333333333,-155.356666666667,32.04,2.5,ml,54,204,0.1298,0.1,hv,hv74485057,2024-10-08T00:46:39.040Z,"19 km SE of Pāhala, Hawaii",earthquake,0.53,0.56,0.161102576700236,39,reviewed,hv,hv
2024-10-02T03:19:32.430Z,17.9728333333333,-66.8146666666667,11.36,2.55,md,18,163,0.05106,0.19,pr,pr71461538,2024-10-02T03:37:09.590Z,"2 km SSE of Indios, Puerto Rico",earthquake,0.55,0.38,0.00382362292888683,4,reviewed,pr,pr
2024-10-02T02:27:56.830Z,57.0742,-150.0465,10.1,3.7,ml,,,,0.76,ak,ak024cohojvf,2024-10-04T04:17:45.040Z,"147 km ESE of Chiniak, Alaska",earthquake,,5.8,,,reviewed,ak,ak
2024-10-02T02:06:16.710Z,36.0839996337891,-120.19766998291,11.0299997329712,3.38,ml,41,119,0.04725,0.1,nc,nc75069216,2024-10-04T04:07:58.040Z,"11 km NNW of Avenal, CA",earthquake,0.24,0.349999994,0.377,29,automatic,nc,nc
2024-10-02T01:53:57.870Z,17.9471666666667,-66.8723333333333,10.57,2.66,md,10,178,0.02538,0.14,pr,pr71461533,2024-10-02T02:07:33.770Z,"3 km SSE of Maria Antonia, Puerto Rico",earthquake,0.75,0.46,0.0746785481763865,5,reviewed,pr,pr
2024-10-02T01:20:37.143Z,9.0944,126.9483,10,4.9,mb,54,84,2.426,0.44,us,us7000nhld,2024-10-04T03:55:12.040Z,"73 km ENE of Aras-asan, Philippines",earthquake,11.32,1.903,0.083,45,reviewed,us,us
2024-10-02T01:09:15.263Z,-7.207,106.4137,54.06,4.4,mb,27,112,1.252,0.91,us,us7000nhlt,2024-10-04T03:49:17.040Z,"28 km SSW of Pelabuhanratu, Indonesia",earthquake,10.73,7.9,0.117,21,reviewed,us,us
2024-10-02T01:09:07.871Z,-46.8323,-10.6186,10,5.3,mww,54,54,25.185,0.79,us,us7000nhlb,2024-10-04T03:23:12.313Z,"southern Mid-Atlantic Ridge",earthquake,11.5,1.788,0.127,6,reviewed,us,us
2024-10-02T00:45:18.260Z,36.0808333333333,-120.200666666667,11.15,4.02,mw,71,36,0.04766,0.17,nc,nc75069176,2024-10-08T03:35:08.276Z,"11 km NNW of Avenal, CA",earthquake,0.18,0.25,,8,reviewed,nc,nc
2024-10-01T23:53:11.074Z,62.1855,-150.6326,0,2.5,ml,,,,0.78,ak,ak024cn6ssir,2024-10-04T00:03:00.040Z,"25 km SW of Trapper Creek, Alaska",earthquake,,0.3,,,automatic,ak,ak
2024-10-01T23:52:46.663Z,3.7667,95.846,46.666,4.6,mb,40,132,1.82,0.75,us,us7000nhl1,2024-10-04T00:11:45.040Z,"52 km SW of Meulaboh, Indonesia",earthquake,8.7,8.038,0.101,29,reviewed,us,us
2024-10-01T22:52:16.000Z,36.0531667,-117.9123333,6.7,2.61,ml,33,69,0.04869,0.14,ci,ci40749895,2024-10-02T15:42:01.213Z,"3 km ENE of Coso Junction, CA",earthquake,0.18,0.51,0.147,89,reviewed,ci,ci
2024-10-01T21:59:27.685Z,-16.4767,-173.7322,61.539,4.7,mb,38,102,3.172,0.8,us,us7000nhkj,2024-10-01T22:26:16.040Z,"58 km S of Hihifo, Tonga",earthquake,11,6.464,0.093,35,reviewed,us,us
2024-10-01T21:42:34.354Z,60.3606,-148.0856,11.2,2.6,ml,,,,0.7,ak,ak024cn5jm6z,2024-10-01T22:55:27.040Z,"33 km N of Chenega, Alaska",earthquake,,0.5,,,automatic,ak,ak
2024-10-01T21:37:58.368Z,-1.0637,127.447,10,4.7,mb,37,83,1.825,0.84,us,us7000nhke,2024-10-01T22:16:25.040Z,"48 km S of Labuha, Indonesia",earthquake,7.4,1.904,0.101,33,reviewed,us,us
2024-10-01T21:19:49.696Z,14.2112,124.8534,10,5.9,mww,104,24,7.132,0.92,us,us7000nhk8,2024-10-02T21:23:55.061Z,"69 km ENE of Panganiban, Philippines",earthquake,7.9,1.833,0.046,46,reviewed,us,us
2024-10-01T21:05:22.840Z,19.2098333333333,-156.369333333333,38.21,2.59,ml,50,283,0.4757,0.15,hv,hv74484652,2024-10-01T22:02:44.040Z,"56 km SW of Captain Cook, Hawaii",earthquake,0.72,1.43,0.181440204959745,22,reviewed,hv,hv
2024-10-01T20:41:25.600Z,-19.6406,-69.2314,107.995,4.4,mb,26,86,0.045,0.62,us,us7000nhk1,2024-10-01T21:28:36.040Z,"41 km SSE of Camiña, Chile",earthquake,5.1,4.275,0.13,17,reviewed,us,us
2024-10-01T20:11:54.330Z,19.2176666666667,-155.4845,30.32,2.62,ml,62,83,0.03347,0.11,hv,hv74484622,2024-10-07T18:25:34.040Z,"1 km NNW of Pāhala, Hawaii",earthquake,0.35,0.39,0.173642153770609,43,reviewed,hv,hv
2024-10-01T20:05:33.583Z,-19.3448,-172.7124,10,6.6,mww,88,32,2.645,1.16,us,us7000nhjw,2024-10-07T18:43:07.416Z,"154 km ESE of Neiafu, Tonga",earthquake,6.58,1.75,0.055,32,reviewed,us,us
2024-10-01T19:56:21.570Z,34.0398333,-117.608,5.29,3.54,ml,150,13,0.006642,0.19,ci,ci40749799,2024-10-08T10:03:17.117Z,"2 km SE of Ontario, CA",earthquake,0.1,0.24,0.2,356,reviewed,ci,ci
2024-10-01T18:32:36.509Z,60.7801,-144.1884,0.1,2.7,ml,,,,0.74,ak,ak024cn3p6ei,2024-10-01T19:59:58.040Z,"83 km S of Chitina, Alaska",earthquake,,0.2,,,automatic,ak,ak
2024-10-01T17:49:44.010Z,47.591833333333334,-122.58316666666667,27.06,2.68,ml,91,21,0.04267,0.21,uw,uw62043042,2024-10-07T18:22:51.040Z,"1 km ENE of Enetai, Washington",earthquake,0.18,0.32,0.22068854699934892,107,reviewed,uw,uw
2024-10-01T16:02:12.689Z,-49.0086,121.4104,10,4.6,mb,32,114,16.366,0.43,us,us7000nhhx,2024-10-01T17:26:00.040Z,"western Indian-Antarctic Ridge",earthquake,8.08,1.784,0.105,29,reviewed,us,us
2024-10-01T15:43:45.483Z,-14.8145,168.0111,10.441,4.6,mb,43,140,6.719,0.72,us,us7000nhhs,2024-10-01T16:38:23.040Z,"104 km ENE of Port-Olry, Vanuatu",earthquake,9.54,4.755,0.092,39,reviewed,us,us
2024-10-01T15:09:13.672Z,-2.3909,-80.4751,35,3.8,ml,11,306,0.941,1.54,us,us7000nhhp,2024-10-01T15:59:23.040Z,"28 km NNW of Playas, Ecuador",earthquake,5.32,2.028,0.077,22,reviewed,us,us
2024-10-01T15:08:38.399Z,61.064,-152.3584,107,2.7,ml,,,,0.55,ak,ak024cn1rqj6,2024-10-02T16:13:57.040Z,"65 km W of Tyonek, Alaska",earthquake,,0.5,,,automatic,ak,ak
2024-10-01T14:17:23.080Z,18.8098333333333,-64.6413333333333,11.94,3.21,md,5,283,0.3881,0.11,pr,pr71461513,2024-10-02T16:09:52.040Z,"55 km NNE of Cruz Bay, U.S. Virgin Islands",earthquake,5.54,6.12,0.0150397602067969,3,reviewed,pr,pr
2024-10-01T13:24:08.211Z,31.723,-104.29,6.3306,2.9,ml,30,57,0,0.2,tx,tx2024thqr,2024-10-02T16:06:02.040Z,"50 km S of Whites City, New Mexico",earthquake,0.5763571057531583,0.6452664464002714,0.2,24,reviewed,tx,tx
2024-10-01T11:49:05.149Z,38.9342,26.0028,10,4.1,mb,13,83,0.716,0.87,us,us7000nhg8,2024-10-02T08:26:38.040Z,"22 km SW of Polichnítos, Greece",earthquake,3.22,1.961,0.369,2,reviewed,us,us
2024-10-01T11:45:52.388Z,-30.0576,-71.2276,62.252,4.3,mb,26,146,0.139,0.45,us,us7000nhg7,2024-10-02T08:44:10.040Z,"15 km SE of Coquimbo, Chile",earthquake,3.84,7.243,0.306,3,reviewed,us,us
2024-10-01T11:16:05.886Z,-2.905,129.5378,10,4.5,mb,24,78,1.648,0.78,us,us7000nhg2,2024-10-02T08:10:01.040Z,"76 km NE of Masohi, Indonesia",earthquake,7.39,1.874,0.113,23,reviewed,us,us
2024-10-01T10:42:33.980Z,18.0261666666667,-66.7683333333333,13.47,2.52,md,11,120,0.1091,0.13,pr,pr71461503,2024-10-01T11:00:09.930Z,"0 km N of Magas Arriba, Puerto Rico",earthquake,0.34,0.41,0.0639212652146099,7,reviewed,pr,pr
2024-10-01T10:11:50.864Z,52.8205,160.2583,37.496,4.9,mb,78,106,0.995,0.7,us,us7000nhft,2024-10-01T10:34:37.040Z,"112 km ESE of Petropavlovsk-Kamchatsky, Russia",earthquake,7.78,6.287,0.04,202,reviewed,us,us
2024-10-01T09:28:05.902Z,-5.9971,124.9161,587.533,6.1,mww,95,23,3.732,0.71,us,us7000nhex,2024-10-02T09:34:44.962Z,"262 km ESE of Baubau, Indonesia",earthquake,7.62,5.658,0.051,37,reviewed,us,us
2024-10-01T09:27:03.718Z,51.4173,-178.3991,25.398,3.2,ml,23,197,0.293,0.38,us,us7000nhl5,2024-10-02T07:41:29.040Z,"132 km WSW of Adak, Alaska",earthquake,3.66,11.184,0.081,20,reviewed,us,us
2024-10-01T09:17:15.681Z,-2.6637,-80.9125,35,4.6,mb,85,153,1.437,0.61,us,us7000nhew,2024-10-01T13:42:33.040Z,"47 km S of La Libertad, Ecuador",earthquake,10.2,1.948,0.048,127,reviewed,us,us
2024-10-01T09:07:36.450Z,-2.7017,-80.8537,35,4.5,mwr,70,153,1.395,0.68,us,us7000nhes,2024-10-01T11:22:17.040Z,"52 km S of La Libertad, Ecuador",earthquake,7.06,1.638,0.068,21,reviewed,us,us
2024-10-01T09:04:27.590Z,-2.5509,-80.5811,35,3.6,ml,12,313,1.087,0.74,us,us7000nher,2024-10-01T14:22:15.040Z,"23 km WNW of Playas, Ecuador",earthquake,5.15,2.028,0.074,24,reviewed,us,us
2024-10-01T08:38:38.191Z,-19.8874,-175.3295,164.536,4.5,mb,37,84,1.522,1.22,us,us7000nhel,2024-10-01T09:00:05.040Z,"102 km W of Pangai, Tonga",earthquake,10.06,9.214,0.078,48,reviewed,us,us
2024-10-01T08:34:30.350Z,19.1253333333333,-66.4036666666667,29.02,3.12,md,16,261,0.6557,0.09,pr,pr71461488,2024-10-01T08:56:33.910Z,"73 km N of Brenas, Puerto Rico",earthquake,0.64,4.7,0.0784751937988459,9,reviewed,pr,pr
2024-10-01T08:23:24.576Z,-19.6058,-174.0438,10,5,mb,43,87,1.959,1.77,us,us7000nhee,2024-10-01T20:32:16.784Z,"33 km ENE of Fangale’ounga, Tonga",earthquake,7.69,1.885,0.034,279,reviewed,us,us
2024-10-01T08:23:12.164Z,4.3436,-87.4192,20.973,4.7,mww,58,102,5.942,1.4,us,us7000nhec,2024-10-01T08:56:23.040Z,"off the coast of Central America",earthquake,7.89,5.563,0.068,21,reviewed,us,us
2024-10-01T07:23:20.605Z,-2.5504,-80.4867,43.176,3.5,mb,16,236,0.999,0.7,us,us7000nhe3,2024-10-01T08:12:22.040Z,"14 km NW of Playas, Ecuador",earthquake,8.91,19.335,0.351,2,reviewed,us,us
2024-10-01T07:12:36.190Z,18.0206,-66.7601,16,3.39,md,19,140,0.1889,0.24,pr,pr2024275000,2024-10-08T07:13:28.040Z,"1 km ENE of Magas Arriba, Puerto Rico",earthquake,0.6,0.88,0.1,15,reviewed,pr,pr
2024-10-01T07:10:38.587Z,0.4903,122.2921,121.587,5,mb,63,59,1.596,0.85,us,us7000nhe1,2024-10-01T07:28:26.040Z,"85 km W of Gorontalo, Indonesia",earthquake,7.02,5.419,0.069,68,reviewed,us,us
2024-10-01T06:33:45.325Z,51.1135,-176.2356,15,3.6,ml,,,,0.3,ak,ak024cmwk7k9,2024-10-01T16:00:50.184Z,"89 km SSE of Adak, Alaska",earthquake,,0.8,,,reviewed,ak,ak
2024-10-01T05:52:49.980Z,31.4537,132.406,15.014,4.6,mb,28,129,1.67,0.65,us,us7000nhdq,2024-10-01T06:53:42.040Z,"100 km E of Nichinan, Japan",earthquake,6.55,4.752,0.112,24,reviewed,us,us
2024-10-01T05:10:22.693Z,53.1874,-166.6766,25.6,3.8,ml,,,,0.49,ak,ak024cmvtsjg,2024-10-01T15:58:39.800Z,"77 km S of Unalaska, Alaska",earthquake,,0.9,,,reviewed,ak,ak
2024-10-01T05:01:57.237Z,-20.1953,-70.6982,21.903,5.3,mww,77,109,0.538,0.94,us,us7000nhdc,2024-10-02T00:27:35.082Z,"56 km W of Puerto, Chile",earthquake,3.91,2.814,0.066,22,reviewed,us,us
2024-10-01T04:49:40.351Z,-41.5731,174.3037,18.783,4.7,mb,35,62,0.401,0.7,us,us7000nhda,2024-10-05T16:28:23.946Z,"29 km E of Witherlea, New Zealand",earthquake,3.33,4.374,0.137,16,reviewed,us,us
2024-10-01T04:14:25.179Z,39.716,20.2505,38.666,4.1,mb,49,107,1.417,0.72,us,us7000nhd6,2024-10-02T19:32:48.040Z,"8 km NE of Konispol, Albania",earthquake,5.66,8.442,0.175,9,reviewed,us,us
2024-10-01T02:18:22.043Z,1.1363,98.8305,103.875,5,mb,81,37,1.266,0.72,us,us7000nhcp,2024-10-02T04:13:38.040Z,"55 km WSW of Padangsidempuan, Indonesia",earthquake,5.85,1.874,0.055,106,reviewed,us,us
2024-10-01T02:16:26.724Z,51.041,-176.1342,37.393,4.2,mb,31,198,0.839,0.79,us,us7000nhcr,2024-10-02T03:52:46.040Z,"98 km SSE of Adak, Alaska",earthquake,5.61,2.282,0.186,8,reviewed,us,us
2024-10-01T01:33:38.720Z,-5.2467,152.5585,35,5,mb,44,50,1.12,0.73,us,us7000nhci,2024-10-02T03:44:30.040Z,"104 km SSE of Kokopo, Papua New Guinea",earthquake,8.96,1.844,0.058,95,reviewed,us,us
2024-10-01T00:54:14.421Z,31.607,-103.962,8.7274,3.4,ml,16,58,0,0.1,tx,tx2024tgrx,2024-10-07T18:43:29.437Z,"36 km WSW of Mentone, Texas",earthquake,0.5204415746341337,0.4724878463240754,0.2,24,reviewed,tx,tx
